1 Ave & E 110 St	 (0, 2) 
1 Ave & E 16 St	 (23, 17) 
1 Ave & E 18 St	 (237, 219) 
1 Ave & E 30 St	 (3, 19) 
1 Ave & E 44 St	 (7, 6) 
1 Ave & E 62 St	 (20, 8) 
1 Ave & E 68 St	 (19, 14) 
1 Ave & E 78 St	 (165, 168) 
1 Ave & E 94 St	 (4, 5) 
1 Pl & Clinton St	 (4, 0) 
10 Hudson Yards	 (1, 2) 
10 St & 5 Ave	 (2, 0) 
10 St & 7 Ave	 (2, 2) 
11 Ave & W 27 St	 (8, 11) 
11 Ave & W 41 St	 (7, 4) 
11 Ave & W 59 St	 (9, 11) 
11 St & 43 Ave	 (1, 0) 
12 Ave & W 40 St	 (24, 36) 
12 St & 4 Ave	 (0, 1) 
14 St & 5 Ave	 (1, 2) 
14 St & 7 Ave	 (3, 2) 
2 Ave & 36 St - Citi Bike HQ at Industry City	 (1, 1) 
2 Ave & E 104 St	 (2, 2) 
2 Ave & E 122 St	 (1, 1) 
2 Ave & E 31 St	 (14, 10) 
2 Ave & E 72 St	 (13, 9) 
2 Ave & E 96 St	 (2, 1) 
2 Ave & E 99 St	 (1, 0) 
21 St & 43 Ave	 (0, 1) 
27 Ave & 4 St	 (1, 0) 
27 St & Hunter St	 (1, 0) 
28 St & 38 Ave	 (0, 1) 
28 St & 41 Ave	 (1, 0) 
3 Ave & Carroll St	 (1, 2) 
3 Ave & E 100 St	 (0, 1) 
3 Ave & E 62 St	 (5, 2) 
3 Ave & E 71 St	 (0, 3) 
3 Ave & E 72 St	 (2, 3) 
3 Ave & Schermerhorn St	 (6, 3) 
3 St & 3 Ave	 (0, 5) 
3 St & 7 Ave	 (71, 74) 
3 St & Hoyt St	 (1, 0) 
3 St & Prospect Park West	 (3, 1) 
31 St & Newtown Ave	 (0, 1) 
31 St & Northern Blvd	 (1, 0) 
31 St & Thomson Ave	 (0, 1) 
34 Ave & 13 St	 (1, 0) 
34 Ave & 21 St	 (0, 1) 
34 St & 35 Ave	 (0, 1) 
35 Ave & 37 St	 (1, 1) 
37 Ave & 35 St	 (0, 1) 
39 St & 2 Ave - Citi Bike HQ at Industry City	 (2, 0) 
4 Ave & 9 St	 (0, 2) 
43 St & Broadway	 (0, 1) 
44 Dr & 21 St	 (1, 0) 
44 Dr & Jackson Ave	 (1, 2) 
45 Rd & 11 St	 (2, 4) 
46 Ave & 5 St	 (11, 13) 
47 Ave & 31 St	 (1, 4) 
48 Ave & 30 Pl	 (1, 1) 
48 Ave & 5 St	 (1, 1) 
49 Ave & 21 St	 (0, 1) 
5 Ave & 3 St	 (7, 7) 
5 Ave & E 103 St	 (1, 1) 
5 Ave & E 29 St	 (9, 7) 
5 Ave & E 63 St	 (4, 0) 
5 Ave & E 73 St	 (4, 7) 
5 Ave & E 78 St	 (5, 5) 
5 Ave & E 88 St	 (4, 10) 
5 Ave & E 93 St	 (0, 1) 
5 St & 51 Ave	 (0, 1) 
5 St & 6 Ave	 (1, 0) 
5 St & Market St	 (1, 1) 
6 Ave & 12 St	 (0, 1) 
6 Ave & 9 St	 (4, 6) 
6 Ave & Broome St	 (13, 12) 
6 Ave & Canal St	 (27, 19) 
6 St & 7 Ave	 (1, 0) 
7 Ave & Central Park South	 (5, 9) 
7 Ave & Park Pl	 (11, 14) 
7 St & 3 Ave	 (1, 1) 
8 Ave & W 31 St	 (31, 35) 
8 Ave & W 33 St	 (18, 17) 
8 Ave & W 52 St	 (12, 10) 
9 Ave & W 28 St	 (9, 7) 
9 Ave & W 45 St	 (6, 9) 
9 St & 44 Rd	 (1, 2) 
Adam Clayton Powell Blvd & W 118 St	 (0, 1) 
Adam Clayton Powell Blvd & W 123 St	 (0, 2) 
Adam Clayton Powell Blvd & W 126 St	 (0, 1) 
Adelphi St & Myrtle Ave	 (5, 7) 
Allen St & Hester St	 (13, 6) 
Allen St & Rivington St	 (12, 6) 
Allen St & Stanton St	 (14, 13) 
Amsterdam Ave & W 125 St	 (1, 0) 
Amsterdam Ave & W 66 St	 (1, 3) 
Amsterdam Ave & W 73 St	 (10, 11) 
Amsterdam Ave & W 79 St	 (3, 4) 
Amsterdam Ave & W 82 St	 (3, 1) 
Atlantic Ave & Fort Greene Pl	 (1, 5) 
Atlantic Ave & Furman St	 (3, 4) 
Avenue C & E 18 St	 (10, 5) 
Avenue D & E 12 St	 (5, 2) 
Avenue D & E 3 St	 (6, 9) 
Avenue D & E 8 St	 (2, 3) 
Baltic St & 5 Ave	 (3, 4) 
Bank St & Hudson St	 (137, 146) 
Bank St & Washington St	 (10, 4) 
Banker St & Meserole Ave	 (1, 4) 
Barclay St & Church St	 (29, 25) 
Barrow St & Hudson St	 (14, 14) 
Bayard St & Baxter St	 (11, 6) 
Bayard St & Leonard St	 (4, 3) 
Bedford Ave & Bergen St	 (4, 2) 
Bedford Ave & Nassau Ave	 (9, 8) 
Bedford Ave & S 9 St	 (5, 2) 
Bergen St & Flatbush Ave	 (1, 5) 
Bergen St & Smith St	 (11, 5) 
Bergen St & Vanderbilt Ave	 (5, 5) 
Berkeley Pl & 7 Ave	 (8, 2) 
Berry St & N 8 St	 (3, 1) 
Bialystoker Pl & Delancey St	 (3, 4) 
Bond St & Fulton St	 (3, 7) 
Broad St & Bridge St	 (79, 80) 
Broadway & Battery Pl	 (20, 16) 
Broadway & Berry St	 (14, 3) 
Broadway & E 14 St	 (20, 23) 
Broadway & E 22 St	 (31, 31) 
Broadway & Moylan Pl	 (2, 1) 
Broadway & Roebling St	 (2, 2) 
Broadway & W 122 St	 (1, 0) 
Broadway & W 25 St	 (15, 9) 
Broadway & W 29 St	 (15, 11) 
Broadway & W 37 St	 (10, 10) 
Broadway & W 38 St	 (4, 9) 
Broadway & W 41 St	 (10, 11) 
Broadway & W 49 St	 (10, 13) 
Broadway & W 51 St	 (10, 7) 
Broadway & W 53 St	 (10, 13) 
Broadway & W 60 St	 (16, 18) 
Broadway & Whipple St	 (0, 3) 
Brooklyn Bridge Park - Pier 2	 (1, 1) 
Bus Slip & State St	 (12, 9) 
Bushwick Ave & Stagg St	 (1, 0) 
Butler St & Court St	 (2, 5) 
Cadman Plaza E & Johnson St	 (2, 5) 
Cadman Plaza E & Red Cross Pl	 (4, 5) 
Cadman Plaza West & Montague St	 (2, 4) 
Cambridge Pl & Gates Ave	 (4, 2) 
Canal St & Rutgers St	 (10, 12) 
Carlton Ave & Dean St	 (0, 4) 
Carlton Ave & Flushing Ave	 (3, 6) 
Carlton Ave & Park Ave	 (2, 2) 
Carmine St & 6 Ave	 (10, 15) 
Carroll St & 5 Ave	 (1, 1) 
Carroll St & 6 Ave	 (1, 2) 
Carroll St & Bond St	 (2, 1) 
Carroll St & Columbia St	 (2, 1) 
Carroll St & Franklin Ave	 (1, 0) 
Carroll St & Smith St	 (6, 3) 
Cathedral Pkwy & Broadway	 (0, 1) 
Catherine St & Monroe St	 (3, 2) 
Center Blvd & 48 Ave	 (6, 6) 
Center Blvd & 51 Ave	 (3, 1) 
Central Ave & Flushing Ave	 (0, 2) 
Central Ave & Starr Street	 (0, 1) 
Central Park North & Adam Clayton Powell Blvd	 (1, 0) 
Central Park S & 6 Ave	 (8, 8) 
Central Park W & W 96 St	 (2, 4) 
Central Park West & W 100 St	 (0, 1) 
Central Park West & W 68 St	 (6, 4) 
Central Park West & W 72 St	 (6, 2) 
Central Park West & W 76 St	 (2, 3) 
Central Park West & W 85 St	 (2, 3) 
Centre St & Chambers St	 (24, 22) 
Centre St & Worth St	 (7, 5) 
Cherry St	 (4, 3) 
Christopher St & Greenwich St	 (26, 17) 
Clark St & Henry St	 (1, 2) 
Classon Ave & St Marks Ave	 (55, 48) 
Clermont Ave & Lafayette Ave	 (3, 1) 
Clermont Ave & Park Ave	 (1, 0) 
Cleveland Pl & Spring St	 (17, 14) 
Cliff St & Fulton St (Old)	 (13, 6) 
Clinton Ave & Flushing Ave	 (3, 7) 
Clinton Ave & Myrtle Ave	 (92, 97) 
Clinton St & 4 Place	 (1, 6) 
Clinton St & Grand St	 (6, 12) 
Clinton St & Joralemon St	 (1, 3) 
Clinton St & Union St	 (6, 3) 
Coffey St & Conover St	 (1, 0) 
Columbia Heights & Cranberry St	 (0, 1) 
Columbia St & Degraw St	 (1, 1) 
Columbia St & Kane St	 (4, 5) 
Columbia St & Lorraine St	 (0, 1) 
Columbia St & Rivington St	 (6, 9) 
Columbus Ave & W 103 St	 (0, 1) 
Columbus Ave & W 72 St	 (9, 6) 
Columbus Ave & W 95 St	 (1, 3) 
Commerce St & Van Brunt St	 (0, 1) 
Concord St & Bridge St	 (2, 2) 
Congress St & Clinton St	 (2, 2) 
Cooper Square & Astor Pl	 (17, 17) 
Court St & State St	 (4, 3) 
Crescent St & 34 Ave	 (0, 1) 
Crescent St & 35 Ave	 (0, 2) 
Crescent St & Ditmars Blvd	 (0, 3) 
Crown St & Bedford Ave	 (1, 0) 
Cumberland St & Lafayette Ave	 (3, 3) 
DeKalb Ave & Franklin Ave	 (1, 1) 
DeKalb Ave & Hudson Ave	 (5, 8) 
DeKalb Ave & S Portland Ave	 (2, 2) 
DeKalb Ave & Vanderbilt Ave	 (1, 2) 
Dean St & 4 Ave	 (3, 2) 
Dean St & Hoyt St	 (2, 0) 
Degraw St & Hoyt St	 (2, 1) 
Degraw St & Smith St	 (2, 5) 
Devoe St & Lorimer St	 (1, 0) 
Division St & Bowery	 (7, 4) 
Dock 72 Way & Market St	 (1, 2) 
Douglass St & 3 Ave	 (1, 3) 
Douglass St & 4 Ave	 (2, 0) 
Driggs Ave & Lorimer St	 (3, 2) 
Driggs Ave & N 9 St	 (0, 1) 
Driggs Ave & N Henry St	 (4, 1) 
Duane St & Greenwich St	 (6, 3) 
Duffield St & Willoughby St	 (6, 6) 
E 10 St & 5 Ave	 (9, 4) 
E 10 St & Avenue A	 (7, 10) 
E 102 St & 1 Ave	 (2, 0) 
E 103 St & Lexington Ave	 (1, 1) 
E 106 St & 1 Ave	 (0, 2) 
E 106 St & Lexington Ave	 (0, 1) 
E 106 St & Madison Ave	 (0, 1) 
E 11 St & 1 Ave	 (186, 186) 
E 11 St & 2 Ave	 (6, 4) 
E 11 St & Avenue B	 (11, 11) 
E 110 St & Madison Ave	 (1, 1) 
E 114 St & 1 Ave	 (1, 0) 
E 118 St & 3 Ave	 (1, 0) 
E 118 St & Park Ave	 (0, 1) 
E 12 St & 3 Ave	 (6, 6) 
E 12 St & 4 Av	 (5, 9) 
E 13 St & Avenue A	 (19, 17) 
E 15 St & 3 Ave	 (16, 15) 
E 16 St & 5 Ave	 (9, 11) 
E 16 St & Irving Pl	 (10, 6) 
E 17 St & Broadway	 (29, 31) 
E 19 St & 3 Ave	 (6, 10) 
E 2 St & 2 Ave	 (13, 17) 
E 2 St & Avenue A	 (11, 11) 
E 2 St & Avenue B	 (20, 18) 
E 2 St & Avenue C	 (154, 147) 
E 20 St & 2 Ave	 (7, 10) 
E 20 St & FDR Drive	 (18, 15) 
E 20 St & Park Ave	 (24, 18) 
E 23 St & 1 Ave	 (249, 248) 
E 24 St & Park Ave S	 (19, 22) 
E 25 St & 1 Ave	 (7, 3) 
E 25 St & 2 Ave	 (16, 7) 
E 27 St & 1 Ave	 (1, 7) 
E 30 St & Park Ave S	 (8, 5) 
E 31 St & 3 Ave	 (14, 5) 
E 32 St & Park Ave	 (7, 18) 
E 33 St & 1 Ave	 (11, 23) 
E 39 St & 2 Ave	 (16, 13) 
E 39 St & 3 Ave	 (13, 17) 
E 4 St & 2 Ave	 (10, 11) 
E 41 St & Madison Ave	 (4, 1) 
E 43 St & 2 Ave	 (6, 3) 
E 43 St & 5 Ave	 (9, 6) 
E 45 St & 3 Ave	 (2, 14) 
E 47 St & 1 Ave	 (8, 6) 
E 47 St & 2 Ave	 (3, 6) 
E 47 St & Park Ave	 (24, 17) 
E 48 St & 3 Ave	 (1, 8) 
E 48 St & 5 Ave	 (6, 16) 
E 5 St & Avenue C	 (6, 5) 
E 51 St & 1 Ave	 (8, 7) 
E 51 St & Lexington Ave	 (135, 137) 
E 52 St & 2 Ave	 (5, 7) 
E 53 St & 3 Ave	 (6, 7) 
E 53 St & Madison Ave	 (8, 5) 
E 55 St & 2 Ave	 (8, 6) 
E 55 St & 3 Ave	 (8, 8) 
E 55 St & Lexington Ave	 (4, 9) 
E 58 St &  1 Ave (NW Corner)	 (1, 3) 
E 58 St & 1 Ave (NE Corner)	 (4, 2) 
E 58 St & 3 Ave	 (6, 5) 
E 59 St & Madison Ave	 (132, 130) 
E 6 St & Avenue B	 (13, 16) 
E 6 St & Avenue D	 (5, 7) 
E 60 St & York Ave	 (1, 1) 
E 65 St & 2 Ave	 (3, 2) 
E 67 St & Park Ave	 (1, 1) 
E 68 St & 3 Ave	 (1, 2) 
E 68 St & Madison Ave	 (1, 2) 
E 7 St & Avenue A	 (11, 18) 
E 72 St & Park Ave	 (2, 5) 
E 72 St & York Ave	 (7, 4) 
E 74 St & 1 Ave	 (6, 7) 
E 75 St & 3 Ave	 (6, 5) 
E 76 St & Park Ave	 (2, 3) 
E 77 St & 3 Ave	 (5, 21) 
E 78 St & 2 Ave	 (3, 1) 
E 81 St & 2 Ave	 (6, 5) 
E 81 St & 3 Ave	 (2, 6) 
E 81 St & York Ave	 (95, 95) 
E 82 St & East End Ave	 (4, 3) 
E 84 St & 1 Ave	 (6, 8) 
E 84 St & 3 Ave	 (11, 15) 
E 84 St & Park Ave	 (2, 3) 
E 85 St & York Ave	 (4, 1) 
E 88 St & 1 Ave	 (5, 7) 
E 88 St & Park Ave	 (1, 0) 
E 89 St & 3 Ave	 (2, 3) 
E 89 St & York Ave	 (5, 5) 
E 9 St & Avenue C	 (12, 7) 
E 91 St & 2 Ave	 (1, 3) 
E 91 St & Park Ave	 (1, 2) 
E 93 St & 2 Ave	 (2, 5) 
E 97 St & Madison Ave	 (3, 0) 
E 98 St & Park Ave	 (1, 0) 
East End Ave & E 86 St	 (1, 5) 
Eastern Pkwy & Franklin Ave	 (10, 4) 
Eastern Pkwy & Washington Ave	 (4, 3) 
Eckford St & Engert Ave	 (1, 1) 
Emerson Pl & Myrtle Ave	 (1, 4) 
FDR Drive & E 35 St	 (8, 9) 
Flushing Ave & Vanderbilt Ave	 (8, 3) 
Forsyth St & Broome St	 (9, 15) 
Forsyth St & Canal St	 (12, 4) 
Franklin Ave & Empire Blvd	 (0, 2) 
Franklin Ave & Myrtle Ave	 (2, 0) 
Franklin Ave & St Marks Ave	 (3, 1) 
Franklin St & Dupont St	 (5, 6) 
Franklin St & W Broadway	 (11, 13) 
Frederick Douglass Blvd & W 115 St	 (0, 1) 
Front St & Gold St	 (1, 1) 
Front St & Maiden Ln	 (6, 6) 
Front St & Washington St	 (2, 4) 
Frost St & Meeker Ave	 (1, 1) 
Fulton St & Adams St	 (155, 141) 
Fulton St & Broadway	 (19, 19) 
Fulton St & Clermont Ave	 (2, 0) 
Fulton St & Grand Ave	 (1, 2) 
Fulton St & Rockwell Pl	 (5, 5) 
Fulton St & Utica Ave	 (1, 0) 
Fulton St & Waverly Ave	 (2, 0) 
Fulton St & William St	 (7, 6) 
Gansevoort St & Hudson St	 (13, 13) 
Garfield Pl & 8 Ave	 (1, 0) 
George St & Wilson Ave	 (1, 1) 
Graham Ave & Conselyea St	 (2, 0) 
Graham Ave & Grand St	 (0, 3) 
Graham Ave & Herbert St	 (2, 1) 
Graham Ave & Withers St	 (2, 2) 
Grand Army Plaza & Central Park S	 (12, 11) 
Grand Army Plaza & Plaza St West	 (4, 1) 
Grand St & Elizabeth St	 (23, 23) 
Grand St & Havemeyer St	 (4, 2) 
Great Jones St	 (17, 26) 
Greene Av & Myrtle Av	 (0, 1) 
Greene Ave & Nostrand Ave	 (1, 1) 
Greenpoint Ave & Manhattan Ave	 (6, 5) 
Greenwich Ave & 8 Ave	 (10, 22) 
Greenwich Ave & Charles St	 (14, 8) 
Greenwich St & W Houston St	 (21, 17) 
Halsey St & Tompkins Ave	 (1, 1) 
Hancock St & Bedford Ave	 (1, 0) 
Hanson Pl & Ashland Pl	 (14, 4) 
Harrison St & Hudson St	 (5, 7) 
Henry St & Atlantic Ave	 (2, 2) 
Henry St & Degraw St	 (2, 1) 
Henry St & Grand St	 (11, 8) 
Henry St & Middagh St	 (1, 1) 
Hicks St & Montague St	 (3, 2) 
Hope St & Union Ave	 (1, 0) 
Howard St & Centre St	 (172, 172) 
Hudson St & Reade St	 (8, 10) 
Humboldt St & Varet St	 (3, 0) 
Huron St & Franklin St	 (7, 6) 
India St & Manhattan Ave	 (8, 7) 
India St & West St	 (2, 2) 
Jackson St & Leonard St	 (0, 1) 
Jay St & Tech Pl	 (2, 2) 
Jay St & York St	 (5, 7) 
John St & William St	 (6, 6) 
Johnson St & Gold St	 (5, 6) 
Kane St & Clinton St	 (4, 2) 
Kent Ave & N 7 St	 (12, 18) 
Kent Ave & S 11 St	 (3, 7) 
Kingston Ave & Herkimer St	 (2, 0) 
Knickerbocker Ave & Thames St	 (1, 1) 
Kosciuszko St & Nostrand Ave	 (2, 0) 
Kosciuszko St & Tompkins Ave	 (0, 2) 
LaGuardia Pl & W 3 St	 (10, 9) 
Lafayette Ave & Classon Ave	 (2, 7) 
Lafayette Ave & Fort Greene Pl	 (6, 6) 
Lafayette Ave & St James Pl	 (3, 5) 
Lafayette St & E 8 St	 (17, 23) 
Lafayette St & Jersey St	 (21, 21) 
Laight St & Hudson St	 (10, 3) 
Lawrence St & Willoughby St	 (0, 1) 
Lefferts Pl & Franklin Ave	 (1, 3) 
Lenox Ave & W 111 St	 (0, 1) 
Lenox Ave & W 126 St	 (0, 1) 
Lenox Ave & W 130 St	 (1, 1) 
Leonard St & Church St	 (6, 6) 
Leonard St & Nassau Ave	 (3, 3) 
Lewis Ave & Kosciuszko St	 (1, 1) 
Lewis Ave & Madison St	 (1, 0) 
Lexington Ave & Classon Ave	 (2, 3) 
Lexington Ave & E 26 St	 (10, 10) 
Lexington Ave & E 29 St	 (8, 11) 
Lexington Ave & E 36 St	 (7, 4) 
Lexington Ave & E 63 St	 (9, 3) 
Liberty St & Broadway	 (13, 16) 
Lincoln Pl & Classon Ave	 (1, 0) 
Lispenard St & Broadway	 (222, 222) 
Little West St & 1 Pl	 (28, 28) 
MacDougal St & Prince St	 (15, 18) 
MacDougal St & Washington Sq	 (2, 3) 
Madison Ave & E 120 St	 (1, 0) 
Madison Ave & E 82 St	 (6, 5) 
Madison Ave & E 99 St	 (2, 2) 
Madison St & Clinton St	 (3, 3) 
Madison St & Montgomery St	 (2, 6) 
Maiden Ln & Pearl St	 (5, 8) 
Marcus Garvey Blvd & Macon St	 (1, 1) 
Market St & Cherry St	 (2, 2) 
McGuinness Blvd & Eagle St	 (21, 11) 
McKibbin St & Bogart St	 (0, 1) 
Mercer St & Bleecker St	 (10, 15) 
Mercer St & Spring St	 (14, 4) 
Meserole Ave & Manhattan Ave	 (7, 9) 
Metropolitan Ave & Bedford Ave	 (12, 2) 
Metropolitan Ave & Meeker Ave	 (3, 1) 
Milton St & Franklin St	 (11, 12) 
Monroe St & Bedford Ave	 (2, 0) 
Monroe St & Classon Ave	 (0, 1) 
Monroe St & Tompkins Ave	 (1, 2) 
Montrose Ave & Bushwick Ave	 (2, 0) 
Mott St & Prince St	 (9, 8) 
Murray St & Greenwich St	 (20, 3) 
Murray St & West St	 (147, 150) 
Myrtle Ave & Marcy Ave	 (1, 1) 
Myrtle Ave & St Edwards St	 (1, 3) 
N 11 St & Kent Ave	 (2, 1) 
N 12 St & Bedford Ave	 (0, 3) 
N 15 St & Wythe Ave	 (2, 2) 
N 6 St & Bedford Ave	 (177, 182) 
NYCBS Depot - GOW	 (0, 1) 
Nassau Ave & Newell St	 (10, 5) 
Nassau Ave & Russell St	 (7, 9) 
Nassau St & Navy St	 (2, 1) 
Norfolk St & Broome St	 (5, 8) 
North Moore St & Greenwich St	 (60, 67) 
Nostrand Ave & Myrtle Ave	 (0, 1) 
Old Fulton St	 (2, 4) 
Old Slip & Front St	 (12, 6) 
Pacific St & Classon Ave	 (0, 1) 
Pacific St & Nevins St	 (3, 1) 
Park Ave & E 124 St	 (3, 3) 
Park Ave & Marcus Garvey Blvd	 (1, 2) 
Park Pl & Church St	 (9, 9) 
Park Pl & Franklin Ave	 (1, 0) 
Park Pl & Vanderbilt Ave	 (7, 5) 
Pearl St & Anchorage Pl	 (3, 2) 
Pearl St & Hanover Square	 (5, 7) 
Peck Slip & Front St	 (9, 12) 
Perry St & Bleecker St	 (7, 6) 
Pershing Square North	 (29, 32) 
Pershing Square South	 (4, 6) 
Pier 40 - Hudson River Park	 (14, 21) 
Pierrepont St & Monroe Pl	 (0, 1) 
Pike St & E Broadway	 (6, 8) 
Pike St & Monroe St	 (0, 4) 
Pioneer St & Van Brunt St	 (0, 1) 
Pitt St & Stanton St	 (7, 2) 
Plaza St West & Flatbush Ave	 (8, 2) 
Pleasant Ave & E 120 St	 (1, 1) 
President St & Henry St	 (3, 3) 
Prospect Park West & 8 St	 (0, 3) 
Prospect Pl & 6 Ave	 (3, 2) 
Prospect Pl & Underhill Ave	 (0, 2) 
Queens Plaza North & Crescent St	 (3, 5) 
Railroad Ave & Kay Ave	 (1, 2) 
Reade St & Broadway	 (10, 13) 
Richardson St & N Henry St	 (0, 2) 
Riverside Blvd & W 67 St	 (9, 11) 
Riverside Dr & W 104 St	 (1, 3) 
Riverside Dr & W 72 St	 (12, 8) 
Riverside Dr & W 78 St	 (4, 2) 
Riverside Dr & W 82 St	 (92, 90) 
Riverside Dr & W 91 St	 (1, 1) 
Rivington St & Chrystie St	 (8, 4) 
Rivington St & Ridge St	 (11, 6) 
Roebling St & N 4 St	 (3, 5) 
Rogers Ave & Sterling St	 (3, 0) 
S 3 St & Bedford Ave	 (14, 10) 
S 4 St & Rodney St	 (0, 2) 
S 4 St & Wythe Ave	 (18, 25) 
S 5 Pl & S 5 St	 (9, 7) 
S Portland Ave & Hanson Pl	 (0, 1) 
Schermerhorn St & Bond St	 (4, 2) 
Schermerhorn St & Court St	 (6, 1) 
Scholes St & Manhattan Ave	 (2, 2) 
Sharon St & Olive St	 (1, 0) 
Sigourney St & Columbia St	 (1, 1) 
Smith St & 3 St	 (2, 3) 
South End Ave & Liberty St	 (21, 23) 
South St & Gouverneur Ln	 (20, 11) 
South St & Whitehall St	 (10, 11) 
Spruce St & Nassau St	 (7, 10) 
St James Pl & Oliver St	 (4, 5) 
St James Pl & Pearl St	 (3, 2) 
St Johns Pl & Washington Ave	 (2, 2) 
St Marks Pl & 1 Ave	 (10, 12) 
St Marks Pl & 2 Ave	 (8, 7) 
St Nicholas Ave & Manhattan Ave	 (0, 1) 
Stagg St & Morgan Ave	 (0, 1) 
Stagg St & Union Ave	 (0, 1) 
Stanton St & Chrystie St	 (18, 10) 
Stanton St & Mangin St	 (2, 2) 
Stanton St & Norfolk St	 (9, 8) 
State St & Smith St	 (3, 4) 
Sterling Pl & Bedford Ave	 (1, 1) 
Suffolk St & Stanton St	 (169, 166) 
Sullivan Pl & Bedford Ave	 (0, 1) 
Sullivan St & Washington Sq	 (7, 4) 
Suydam St & Knickerbocker Ave	 (2, 0) 
Throop Ave & Myrtle Ave	 (1, 0) 
Tompkins Ave & Hopkins St	 (0, 1) 
Underhill Ave & Lincoln Pl	 (2, 0) 
Underhill Ave & Pacific St	 (36, 52) 
Union Ave & Jackson St	 (0, 1) 
Union Ave & N 12 St	 (5, 2) 
Union Ave & Wallabout St	 (0, 1) 
Union St & 4 Ave	 (4, 2) 
University Pl & E 14 St	 (17, 14) 
University Pl & E 8 St	 (5, 3) 
Van Brunt St & Van Dyke St	 (1, 4) 
Van Brunt St & Wolcott St	 (1, 1) 
Vernon Blvd & 31 Ave	 (0, 3) 
Vernon Blvd & 41 Rd	 (1, 2) 
Vernon Blvd & 47 Rd	 (1, 2) 
Vernon Blvd & 50 Ave	 (98, 99) 
Verona Pl & Fulton St	 (1, 2) 
Vesey Pl & River Terrace	 (290, 286) 
W 100 St & Broadway	 (1, 3) 
W 100 St & Manhattan Ave	 (1, 0) 
W 104 St & Amsterdam Ave	 (0, 3) 
W 106 St & Amsterdam Ave	 (0, 1) 
W 106 St & Central Park West	 (1, 0) 
W 11 St & 6 Ave	 (8, 4) 
W 110 St & Amsterdam Ave	 (3, 0) 
W 113 St & Broadway	 (1, 1) 
W 116 St & Broadway	 (0, 1) 
W 120 St & Claremont Ave	 (0, 1) 
W 13 St & 5 Ave	 (8, 9) 
W 13 St & 7 Ave	 (9, 15) 
W 15 St & 10 Ave	 (171, 173) 
W 15 St & 7 Ave	 (14, 12) 
W 16 St & The High Line	 (10, 13) 
W 17 St & 8 Ave	 (14, 12) 
W 18 St & 6 Ave	 (29, 27) 
W 18 St & 9 Ave	 (5, 1) 
W 20 St & 11 Ave	 (13, 23) 
W 20 St & 7 Ave	 (13, 17) 
W 20 St & 8 Ave	 (4, 3) 
W 22 St & 10 Ave	 (13, 9) 
W 22 St & 8 Ave	 (9, 5) 
W 24 St & 7 Ave	 (13, 12) 
W 25 St & 6 Ave	 (15, 12) 
W 26 St & 10 Ave	 (6, 10) 
W 26 St & 8 Ave	 (8, 8) 
W 27 St & 10 Ave	 (8, 5) 
W 27 St & 7 Ave	 (11, 11) 
W 31 St & 7 Ave	 (12, 13) 
W 33 St & 7 Ave	 (15, 14) 
W 34 St & 11 Ave	 (18, 15) 
W 35 St & Dyer Ave	 (5, 6) 
W 37 St & 10 Ave	 (9, 8) 
W 37 St & 5 Ave	 (6, 14) 
W 38 St & 8 Ave	 (12, 22) 
W 4 St & 7 Ave S	 (3, 6) 
W 41 St & 8 Ave	 (24, 15) 
W 42 St & 8 Ave	 (13, 14) 
W 42 St & Dyer Ave	 (8, 7) 
W 43 St & 10 Ave	 (207, 184) 
W 43 St & 6 Ave	 (17, 9) 
W 44 St & 5 Ave	 (10, 8) 
W 45 St & 6 Ave	 (4, 13) 
W 45 St & 8 Ave	 (12, 6) 
W 46 St & 11 Ave	 (7, 11) 
W 47 St & 10 Ave	 (2, 6) 
W 49 St & 8 Ave	 (9, 12) 
W 50 St & 9 Ave	 (6, 1) 
W 52 St & 11 Ave	 (7, 14) 
W 52 St & 5 Ave	 (10, 8) 
W 52 St & 6 Ave	 (8, 13) 
W 53 St & 10 Ave	 (5, 8) 
W 54 St & 9 Ave	 (14, 7) 
W 56 St & 10 Ave	 (6, 12) 
W 59 St & 10 Ave	 (6, 6) 
W 63 St & Broadway	 (6, 4) 
W 64 St & Thelonious Monk Circle	 (114, 115) 
W 67 St & Broadway	 (7, 3) 
W 70 St & Amsterdam Ave	 (7, 7) 
W 74 St & Columbus Ave	 (1, 0) 
W 76 St & Columbus Ave	 (2, 1) 
W 78 St & Broadway	 (7, 3) 
W 82 St & Central Park West	 (3, 4) 
W 84 St & Broadway	 (0, 5) 
W 84 St & Columbus Ave	 (2, 4) 
W 87 St & Amsterdam Ave	 (0, 2) 
W 88 St & West End Ave	 (2, 5) 
W 89 St & Columbus Ave	 (4, 1) 
W 90 St & Amsterdam Ave	 (0, 1) 
W 92 St & Broadway	 (6, 1) 
W 95 St & Broadway	 (7, 1) 
W Broadway & Spring Street	 (11, 17) 
Warren St & Court St	 (2, 5) 
Washington Ave & Greene Ave	 (3, 4) 
Washington Ave & Park Ave	 (2, 2) 
Washington Park	 (1, 1) 
Washington Pl & 6 Ave	 (5, 6) 
Washington Pl & Broadway	 (8, 5) 
Washington St & Gansevoort St	 (9, 25) 
Water - Whitehall Plaza	 (7, 4) 
Waterbury St & Stagg St	 (1, 0) 
Watts St & Greenwich St	 (19, 14) 
West Drive & Prospect Park West	 (6, 1) 
West End Ave & W 107 St	 (2, 1) 
West End Ave & W 94 St	 (1, 2) 
West St & Chambers St	 (22, 42) 
William St & Pine St	 (9, 6) 
Willoughby Ave & Hall St	 (0, 2) 
Willoughby Ave & Tompkins Ave	 (0, 1) 
Willoughby Ave & Walworth St	 (1, 1) 
Willoughby St & Fleet St	 (14, 7) 
Wyckoff St & 3 Ave	 (2, 0) 
Wyckoff St & Bond St	 (0, 2) 
Wythe Ave & Metropolitan Ave	 (21, 24) 
